name,PA,S,m,human_r0_accuracy,human_r0_e_accuracy,human_r0_precision,human_r0_e_precision,human_r0_recall,human_r0_e_recall,human_r0_f1-score,human_r0_e_f1-score,human_r0_support,human_r1_accuracy,human_r1_e_accuracy,human_r1_precision,human_r1_e_precision,human_r1_recall,human_r1_e_recall,human_r1_f1-score,human_r1_e_f1-score,human_r1_support,human_r2_accuracy,human_r2_e_accuracy,human_r2_precision,human_r2_e_precision,human_r2_recall,human_r2_e_recall,human_r2_f1-score,human_r2_e_f1-score,human_r2_support,agg_human_mean_f1-score,agg_human_std_f1-score,agg_human_mean_precision,agg_human_std_precision,agg_human_mean_recall,agg_human_std_recall,agg_human_mean_accuracy,agg_human_std_accuracy,model_accuracy,model_e_accuracy,model_precision,model_e_precision,model_recall,model_e_recall,model_f1-score,model_e_f1-score,model_support,agg_human - model_mean_f1-score,agg_human_mean_f1-score_fmt,E - agg_human_f1-score,E - model_f1-score,agg_human - model_mean_accuracy,agg_human_mean_accuracy_fmt,E - agg_human_accuracy,E - model_accuracy
Atelectasis,0.6,130,0.500,0.59,0.6,0.57,0.6,0.72,0.6,0.64,0.6,65.0,0.62,0.6,0.6,0.6,0.69,0.6,0.64,0.6,65.0,0.6,0.6,0.56,0.6,0.88,0.6,0.69,0.6,65.0,0.6566666666666666,0.02886751345948125,0.5766666666666667,0.020816659994661302,0.7633333333333333,0.1021436896402971,0.6033333333333334,0.01527525231651948,0.52,0.6,0.52,0.6,0.74,0.6,0.61,0.6,65.0,0.046666666666666634,0.66$\pm$0.03,-0.05666666666666664,-0.010000000000000009,0.08333333333333337,0.60$\pm$0.02,-0.0033333333333334103,0.07999999999999996
Atelectasis,0.8,140,0.400,0.75,0.8,0.64,0.73,0.86,0.8,0.73,0.76,56.0,0.74,0.8,0.66,0.73,0.71,0.8,0.68,0.76,56.0,0.69,0.8,0.57,0.73,0.93,0.8,0.7,0.76,56.0,0.7033333333333335,0.025166114784235805,0.6233333333333334,0.04725815626252612,0.8333333333333334,0.11239810200058248,0.7266666666666666,0.03214550253664321,0.63,0.8,0.52,0.73,0.8,0.8,0.63,0.76,56.0,0.07333333333333347,0.70$\pm$0.03,0.05666666666666653,0.13,0.09666666666666657,0.73$\pm$0.03,0.07333333333333347,0.17000000000000004
Atelectasis,1.0,230,0.139,0.93,0.97,0.7,0.84,0.88,0.97,0.78,0.9,32.0,0.92,0.97,0.71,0.84,0.75,0.97,0.73,0.9,32.0,0.89,0.97,0.56,0.84,1.0,0.97,0.72,0.9,32.0,0.7433333333333333,0.03214550253664321,0.6566666666666666,0.08386497083606077,0.8766666666666666,0.12503332889007368,0.9133333333333334,0.020816659994661344,0.82,0.97,0.43,0.84,0.88,0.97,0.58,0.9,32.0,0.16333333333333333,0.74$\pm$0.03,0.15666666666666673,0.32000000000000006,0.09333333333333349,0.91$\pm$0.02,0.05666666666666653,0.15000000000000002
Atelectasis,All,500,0.306,0.79,0.83,0.62,0.7,0.8,0.75,0.7,0.73,153.0,0.79,0.83,0.64,0.7,0.71,0.75,0.67,0.73,153.0,0.76,0.83,0.56,0.7,0.92,0.75,0.7,0.73,153.0,0.6900000000000001,0.017320508075688724,0.6066666666666667,0.041633319989322626,0.81,0.10535653752852743,0.7799999999999999,0.01732050807568879,0.69,0.83,0.5,0.7,0.79,0.75,0.61,0.73,153.0,0.08000000000000007,0.69$\pm$0.02,0.039999999999999925,0.12,0.08999999999999997,0.78$\pm$0.02,0.050000000000000044,0.14
Cardiomegaly,0.6,142,0.507,0.64,0.6,0.8,0.61,0.39,0.6,0.52,0.6,72.0,0.65,0.6,0.62,0.61,0.83,0.6,0.71,0.6,72.0,0.69,0.6,0.71,0.61,0.65,0.6,0.68,0.6,72.0,0.6366666666666667,0.10214368964029706,0.71,0.09000000000000002,0.6233333333333334,0.22120880030716075,0.66,0.026457513110645866,0.62,0.6,0.91,0.61,0.28,0.6,0.43,0.6,72.0,0.20666666666666672,0.64$\pm$0.10,-0.036666666666666736,0.16999999999999998,0.040000000000000036,0.66$\pm$0.03,-0.06000000000000005,-0.020000000000000018
Cardiomegaly,0.8,196,0.372,0.8,0.8,0.84,0.7,0.56,0.8,0.67,0.75,73.0,0.76,0.8,0.62,0.7,0.86,0.8,0.72,0.75,73.0,0.82,0.8,0.76,0.7,0.74,0.8,0.75,0.75,73.0,0.7133333333333334,0.04041451884327378,0.7399999999999999,0.11135528725660043,0.7200000000000001,0.15099668870541497,0.7933333333333333,0.030550504633038912,0.71,0.8,0.9,0.7,0.25,0.8,0.39,0.75,73.0,0.32333333333333336,0.71$\pm$0.04,0.036666666666666625,0.36,0.08333333333333337,0.79$\pm$0.03,0.00666666666666671,0.09000000000000008
Cardiomegaly,1.0,162,0.037,0.98,0.97,0.75,0.55,0.5,0.97,0.6,0.71,6.0,0.96,0.97,0.5,0.55,1.0,0.97,0.67,0.71,6.0,0.99,0.97,0.83,0.55,0.83,0.97,0.83,0.71,6.0,0.7000000000000001,0.11789826122551594,0.6933333333333334,0.17214335111567142,0.7766666666666667,0.2542308662089113,0.9766666666666666,0.01527525231651948,0.96,0.97,0.0,0.55,0.0,0.97,0.0,0.71,6.0,0.7000000000000001,0.70$\pm$0.12,0.009999999999999898,0.71,0.016666666666666607,0.98$\pm$0.02,-0.006666666666666599,0.010000000000000009
Cardiomegaly,All,500,0.302,0.81,0.8,0.82,0.65,0.48,0.71,0.6,0.68,151.0,0.79,0.8,0.61,0.65,0.85,0.71,0.71,0.68,151.0,0.84,0.8,0.74,0.65,0.7,0.71,0.72,0.68,151.0,0.6766666666666667,0.06658328118479392,0.7233333333333333,0.10598742063723096,0.6766666666666667,0.18610033136277146,0.8133333333333334,0.025166114784235794,0.77,0.8,0.9,0.65,0.25,0.71,0.39,0.68,151.0,0.28666666666666674,0.68$\pm$0.07,0.0033333333333332993,0.29000000000000004,0.043333333333333335,0.81$\pm$0.03,-0.013333333333333308,0.030000000000000027
Consolidation,0.6,81,0.272,0.68,0.6,0.44,0.36,0.64,0.6,0.52,0.45,22.0,0.59,0.6,0.32,0.36,0.45,0.6,0.38,0.45,22.0,0.7,0.6,0.45,0.36,0.41,0.6,0.43,0.45,22.0,0.44333333333333336,0.07094598884597589,0.4033333333333333,0.07234178138070235,0.5,0.12288205727444508,0.6566666666666666,0.058594652770823166,0.65,0.6,0.33,0.36,0.27,0.6,0.3,0.45,22.0,0.14333333333333337,0.44$\pm$0.07,0.006666666666666654,0.15000000000000002,0.006666666666666599,0.66$\pm$0.06,-0.05666666666666664,-0.050000000000000044
Consolidation,0.8,89,0.067,0.72,0.8,0.17,0.22,0.83,0.8,0.29,0.35,6.0,0.79,0.8,0.16,0.22,0.5,0.8,0.24,0.35,6.0,0.94,0.8,0.6,0.22,0.5,0.8,0.55,0.35,6.0,0.36000000000000004,0.16643316977093242,0.31,0.2511971337416094,0.61,0.19052558883257648,0.8166666666666668,0.11239810200058241,0.83,0.8,0.24,0.22,0.67,0.8,0.35,0.35,6.0,0.010000000000000064,0.36$\pm$0.17,-0.010000000000000064,0.0,-0.013333333333333197,0.82$\pm$0.11,-0.01666666666666672,-0.029999999999999916
Consolidation,1.0,330,0.003,0.97,0.97,0.0,0.09,0.0,0.97,0.0,0.16,1.0,0.98,0.97,0.17,0.09,1.0,0.97,0.29,0.16,1.0,0.99,0.97,0.25,0.09,1.0,0.97,0.4,0.16,1.0,0.22999999999999998,0.20663978319771825,0.14,0.12767145334803706,0.6666666666666666,0.5773502691896258,0.98,0.010000000000000009,0.98,0.97,0.0,0.09,0.0,0.97,0.0,0.16,1.0,0.22999999999999998,0.23$\pm$0.21,-0.06999999999999998,0.16,0.0,0.98$\pm$0.01,-0.010000000000000009,-0.010000000000000009
Consolidation,All,500,0.058,0.88,0.88,0.27,0.27,0.66,0.65,0.38,0.39,29.0,0.89,0.88,0.25,0.27,0.48,0.65,0.33,0.39,29.0,0.94,0.88,0.45,0.27,0.45,0.65,0.45,0.39,29.0,0.38666666666666666,0.06027713773341708,0.3233333333333333,0.11015141094572205,0.53,0.1135781669160055,0.9033333333333333,0.032145502536643146,0.9,0.88,0.24,0.27,0.34,0.65,0.29,0.39,29.0,0.09666666666666668,0.39$\pm$0.06,0.003333333333333355,0.10000000000000003,0.0033333333333332993,0.90$\pm$0.03,-0.023333333333333317,-0.020000000000000018
Edema,0.6,76,0.355,0.68,0.6,0.57,0.45,0.48,0.6,0.52,0.52,27.0,0.51,0.6,0.4,0.45,0.7,0.6,0.51,0.52,27.0,0.62,0.6,0.46,0.45,0.48,0.6,0.47,0.52,27.0,0.5,0.02645751311064593,0.4766666666666666,0.08621678104251705,0.5533333333333333,0.12701705922171766,0.6033333333333334,0.08621678104251711,0.62,0.6,0.47,0.45,0.52,0.6,0.49,0.52,27.0,0.010000000000000009,0.50$\pm$0.03,0.020000000000000018,0.030000000000000027,-0.016666666666666607,0.60$\pm$0.09,-0.0033333333333334103,-0.020000000000000018
Edema,0.8,116,0.233,0.81,0.8,0.57,0.55,0.74,0.8,0.65,0.65,27.0,0.68,0.8,0.4,0.55,0.74,0.8,0.52,0.65,27.0,0.79,0.8,0.56,0.55,0.52,0.8,0.54,0.65,27.0,0.57,0.06999999999999999,0.51,0.09539392014169455,0.6666666666666666,0.12701705922171766,0.7600000000000001,0.06999999999999999,0.69,0.8,0.36,0.55,0.44,0.8,0.4,0.65,27.0,0.16999999999999993,0.57$\pm$0.07,0.08000000000000007,0.25,0.07000000000000017,0.76$\pm$0.07,0.039999999999999925,0.1100000000000001
Edema,1.0,308,0.078,0.94,0.97,0.59,0.73,0.67,0.97,0.63,0.83,24.0,0.93,0.97,0.53,0.73,0.96,0.97,0.69,0.83,24.0,0.96,0.97,0.78,0.73,0.75,0.97,0.77,0.83,24.0,0.6966666666666667,0.07023769168568493,0.6333333333333334,0.13051181300301262,0.7933333333333333,0.14977761292440644,0.9433333333333334,0.015275252316519432,0.93,0.97,0.54,0.73,0.62,0.97,0.58,0.83,24.0,0.1166666666666667,0.70$\pm$0.07,0.1333333333333333,0.25,0.013333333333333308,0.94$\pm$0.02,0.026666666666666616,0.039999999999999925
Edema,All,500,0.156,0.87,0.87,0.58,0.57,0.63,0.78,0.6,0.66,78.0,0.81,0.87,0.44,0.57,0.79,0.78,0.57,0.66,78.0,0.87,0.87,0.59,0.57,0.58,0.78,0.58,0.66,78.0,0.5833333333333334,0.01527525231651948,0.5366666666666666,0.08386497083606081,0.6666666666666666,0.10969655114602893,0.8500000000000001,0.03464101615137751,0.83,0.87,0.45,0.57,0.53,0.78,0.49,0.66,78.0,0.09333333333333338,0.58$\pm$0.02,0.07666666666666666,0.17000000000000004,0.02000000000000013,0.85$\pm$0.03,0.019999999999999907,0.040000000000000036
Enlarged Cardiomediastinum,0.6,163,0.417,0.68,0.6,0.69,0.52,0.43,0.6,0.53,0.56,68.0,0.65,0.6,0.59,0.52,0.53,0.6,0.56,0.56,68.0,0.65,0.6,0.67,0.52,0.32,0.6,0.44,0.56,68.0,0.51,0.06244997998398401,0.6499999999999999,0.05291502622129182,0.4266666666666667,0.10503967504392488,0.66,0.017320508075688787,0.59,0.6,0.6,0.52,0.04,0.6,0.08,0.56,68.0,0.43,0.51$\pm$0.06,0.050000000000000044,0.48000000000000004,0.07000000000000006,0.66$\pm$0.02,-0.06000000000000005,0.010000000000000009
Enlarged Cardiomediastinum,0.8,170,0.529,0.79,0.8,0.98,0.82,0.62,0.8,0.76,0.81,90.0,0.79,0.8,0.89,0.82,0.7,0.8,0.78,0.81,90.0,0.75,0.8,0.96,0.82,0.54,0.8,0.7,0.81,90.0,0.7466666666666667,0.04163331998932269,0.9433333333333334,0.047258156262526066,0.62,0.07999999999999996,0.7766666666666667,0.023094010767585053,0.53,0.8,0.92,0.82,0.12,0.8,0.22,0.81,90.0,0.5266666666666667,0.75$\pm$0.04,0.06333333333333335,0.5900000000000001,0.2466666666666667,0.78$\pm$0.02,0.023333333333333317,0.27
Enlarged Cardiomediastinum,1.0,167,0.569,0.91,0.97,0.99,0.98,0.85,0.97,0.92,0.97,95.0,0.94,0.97,0.99,0.98,0.91,0.97,0.95,0.97,95.0,0.89,0.97,0.99,0.98,0.82,0.97,0.9,0.97,95.0,0.9233333333333333,0.025166114784235794,0.9899999999999999,1.3597399555105182e-16,0.86,0.04582575694955844,0.9133333333333334,0.025166114784235794,0.53,0.97,1.0,0.98,0.17,0.97,0.29,0.97,95.0,0.6333333333333333,0.92$\pm$0.03,0.046666666666666634,0.6799999999999999,0.3833333333333334,0.91$\pm$0.03,0.05666666666666653,0.43999999999999995
Enlarged Cardiomediastinum,All,500,0.506,0.8,0.79,0.92,0.78,0.66,0.81,0.76,0.8,253.0,0.8,0.79,0.84,0.78,0.73,0.81,0.78,0.8,253.0,0.76,0.79,0.91,0.78,0.59,0.81,0.72,0.8,253.0,0.7533333333333333,0.03055050463303896,0.89,0.043588989435406775,0.66,0.07,0.7866666666666667,0.023094010767585053,0.55,0.79,0.91,0.78,0.12,0.81,0.21,0.8,253.0,0.5433333333333333,0.75$\pm$0.03,0.046666666666666745,0.5900000000000001,0.2366666666666667,0.79$\pm$0.02,0.0033333333333332993,0.24
Lung Opacity,0.6,106,0.519,0.59,0.6,0.65,0.62,0.47,0.6,0.55,0.61,55.0,0.64,0.6,0.64,0.62,0.69,0.6,0.67,0.61,55.0,0.63,0.6,0.63,0.62,0.69,0.6,0.66,0.61,55.0,0.6266666666666668,0.06658328118479392,0.64,0.010000000000000009,0.6166666666666666,0.12701705922171766,0.62,0.026457513110645932,0.57,0.6,0.59,0.62,0.55,0.6,0.57,0.61,55.0,0.056666666666666865,0.63$\pm$0.07,-0.01666666666666683,0.040000000000000036,0.050000000000000044,0.62$\pm$0.03,-0.020000000000000018,0.030000000000000027
Lung Opacity,0.8,125,0.536,0.83,0.8,0.91,0.82,0.76,0.8,0.83,0.81,67.0,0.86,0.8,0.87,0.82,0.88,0.8,0.87,0.81,67.0,0.8,0.8,0.82,0.82,0.81,0.8,0.81,0.81,67.0,0.8366666666666666,0.030550504633038912,0.8666666666666667,0.04509249752822898,0.8166666666666668,0.06027713773341708,0.8300000000000001,0.02999999999999997,0.82,0.8,0.84,0.82,0.81,0.8,0.82,0.81,67.0,0.016666666666666607,0.84$\pm$0.03,-0.026666666666666505,-0.009999999999999898,0.01000000000000012,0.83$\pm$0.03,-0.030000000000000027,-0.019999999999999907
Lung Opacity,1.0,269,0.528,0.96,0.97,0.96,0.97,0.95,0.97,0.96,0.97,142.0,0.96,0.97,0.93,0.97,0.99,0.97,0.96,0.97,142.0,0.97,0.97,0.95,0.97,0.99,0.97,0.97,0.97,142.0,0.9633333333333333,0.005773502691896262,0.9466666666666667,0.01527525231651942,0.9766666666666666,0.02309401076758505,0.9633333333333333,0.005773502691896262,0.88,0.97,0.92,0.97,0.85,0.97,0.88,0.97,142.0,0.08333333333333326,0.96$\pm$0.01,0.00666666666666671,0.08999999999999997,0.08333333333333326,0.96$\pm$0.01,0.00666666666666671,0.08999999999999997
Lung Opacity,All,500,0.528,0.85,0.85,0.9,0.86,0.8,0.85,0.85,0.86,264.0,0.87,0.85,0.86,0.86,0.9,0.85,0.88,0.86,264.0,0.85,0.85,0.85,0.86,0.88,0.85,0.86,0.86,264.0,0.8633333333333333,0.01527525231651948,0.87,0.02645751311064593,0.86,0.0529150262212918,0.8566666666666666,0.011547005383792525,0.8,0.85,0.83,0.86,0.77,0.85,0.8,0.86,264.0,0.06333333333333324,0.86$\pm$0.02,-0.0033333333333332993,0.05999999999999994,0.05666666666666653,0.86$\pm$0.01,-0.006666666666666599,0.04999999999999993
Pleural Effusion,0.6,83,0.422,0.73,0.6,0.68,0.52,0.71,0.6,0.69,0.56,35.0,0.52,0.6,0.45,0.52,0.66,0.6,0.53,0.56,35.0,0.61,0.6,0.53,0.52,0.71,0.6,0.61,0.56,35.0,0.61,0.07999999999999996,0.5533333333333333,0.11676186592091331,0.6933333333333334,0.028867513459481253,0.62,0.10535653752852737,0.43,0.6,0.41,0.52,0.83,0.6,0.55,0.56,35.0,0.05999999999999994,0.61$\pm$0.08,-0.04999999999999993,0.010000000000000009,0.19,0.62$\pm$0.11,-0.020000000000000018,0.16999999999999998
Pleural Effusion,0.8,110,0.336,0.89,0.8,0.84,0.67,0.84,0.8,0.84,0.73,37.0,0.75,0.8,0.58,0.67,0.92,0.8,0.71,0.73,37.0,0.83,0.8,0.67,0.67,0.97,0.8,0.79,0.73,37.0,0.7799999999999999,0.06557438524302002,0.6966666666666667,0.13203534880225573,0.91,0.06557438524302002,0.8233333333333334,0.07023769168568493,0.59,0.8,0.44,0.67,0.81,0.8,0.57,0.73,37.0,0.20999999999999996,0.78$\pm$0.07,-0.04999999999999993,0.16000000000000003,0.2333333333333334,0.82$\pm$0.07,-0.023333333333333317,0.21000000000000008
Pleural Effusion,1.0,307,0.104,0.98,0.97,0.91,0.79,0.91,0.97,0.91,0.87,32.0,0.94,0.97,0.64,0.79,0.91,0.97,0.75,0.87,32.0,0.95,0.97,0.7,0.79,1.0,0.97,0.82,0.87,32.0,0.8266666666666667,0.08020806277010645,0.75,0.14177446878757827,0.9400000000000001,0.0519615242270663,0.9566666666666667,0.020816659994661344,0.82,0.97,0.36,0.79,0.97,0.97,0.53,0.87,32.0,0.29666666666666663,0.83$\pm$0.08,0.043333333333333335,0.33999999999999997,0.13666666666666671,0.96$\pm$0.02,0.013333333333333308,0.15000000000000002
Pleural Effusion,All,500,0.208,0.92,0.87,0.8,0.66,0.82,0.78,0.81,0.72,104.0,0.83,0.87,0.55,0.66,0.83,0.78,0.66,0.72,104.0,0.87,0.87,0.63,0.66,0.89,0.78,0.74,0.72,104.0,0.7366666666666667,0.07505553499465135,0.66,0.12767145334803706,0.8466666666666667,0.03785938897200186,0.8733333333333334,0.045092497528228984,0.7,0.87,0.4,0.66,0.87,0.78,0.55,0.72,104.0,0.18666666666666665,0.74$\pm$0.08,-0.01666666666666672,0.16999999999999993,0.17333333333333345,0.87$\pm$0.05,-0.0033333333333334103,0.17000000000000004
Pneumonia,0.6,24,0.333,0.5,0.6,0.17,0.43,0.12,0.6,0.14,0.5,8.0,0.71,0.6,1.0,0.43,0.12,0.6,0.22,0.5,8.0,0.58,0.6,0.33,0.43,0.25,0.6,0.29,0.5,8.0,0.21666666666666665,0.07505553499465133,0.5,0.44034077712607994,0.16333333333333333,0.07505553499465135,0.5966666666666667,0.10598742063723096,0.71,0.6,0.67,0.43,0.25,0.6,0.36,0.5,8.0,-0.14333333333333334,0.22$\pm$0.08,0.2833333333333333,0.14,-0.11333333333333329,0.60$\pm$0.11,0.0033333333333332993,-0.10999999999999999
Pneumonia,0.8,82,0.012,0.9,0.8,0.11,0.05,1.0,0.8,0.2,0.09,1.0,0.98,0.8,0.33,0.05,1.0,0.8,0.5,0.09,1.0,0.9,0.8,0.11,0.05,1.0,0.8,0.2,0.09,1.0,0.3,0.17320508075688773,0.18333333333333335,0.1270170592217177,1.0,0.0,0.9266666666666666,0.046188021535170036,0.88,0.8,0.0,0.05,0.0,0.8,0.0,0.09,1.0,0.3,0.30$\pm$0.17,-0.21,0.09,0.046666666666666634,0.93$\pm$0.05,-0.1266666666666666,-0.07999999999999996
Pneumonia,1.0,394,0.005,0.98,0.97,0.12,0.14,0.5,0.97,0.2,0.25,2.0,0.99,0.97,0.5,0.14,1.0,0.97,0.67,0.25,2.0,0.97,0.97,0.08,0.14,0.5,0.97,0.14,0.25,2.0,0.3366666666666667,0.2902297940138699,0.2333333333333333,0.2318045153428495,0.6666666666666666,0.28867513459481287,0.98,0.010000000000000009,0.96,0.97,0.07,0.14,0.5,0.97,0.12,0.25,2.0,0.21666666666666673,0.34$\pm$0.29,-0.08666666666666673,0.13,0.020000000000000018,0.98$\pm$0.01,-0.010000000000000009,0.010000000000000009
Pneumonia,All,500,0.022,0.94,0.92,0.13,0.18,0.27,0.69,0.18,0.29,11.0,0.98,0.92,0.5,0.18,0.36,0.69,0.42,0.29,11.0,0.94,0.92,0.15,0.18,0.36,0.69,0.21,0.29,11.0,0.26999999999999996,0.1307669683062202,0.26,0.2080865204668481,0.33,0.0519615242270663,0.9533333333333333,0.023094010767585053,0.94,0.92,0.12,0.18,0.27,0.69,0.16,0.29,11.0,0.10999999999999996,0.27$\pm$0.13,0.020000000000000018,0.12999999999999998,0.013333333333333308,0.95$\pm$0.02,-0.033333333333333215,-0.019999999999999907
Support Devices,0.6,50,0.580,0.62,0.6,0.61,0.67,0.97,0.6,0.75,0.64,29.0,0.68,0.6,0.81,0.67,0.59,0.6,0.68,0.64,29.0,0.72,0.6,0.83,0.67,0.66,0.6,0.73,0.64,29.0,0.7200000000000001,0.03605551275463986,0.75,0.1216552506059644,0.7400000000000001,0.20223748416156684,0.6733333333333333,0.05033222956847166,0.6,0.6,0.6,0.67,0.97,0.6,0.74,0.64,29.0,-0.019999999999999907,0.72$\pm$0.04,-0.08000000000000007,-0.09999999999999998,0.07333333333333336,0.67$\pm$0.05,-0.07333333333333336,0.0
Support Devices,0.8,105,0.705,0.9,0.8,0.9,0.91,0.97,0.8,0.94,0.85,74.0,0.89,0.8,0.97,0.91,0.86,0.8,0.91,0.85,74.0,0.92,0.8,0.97,0.91,0.92,0.8,0.94,0.85,74.0,0.93,0.017320508075688724,0.9466666666666667,0.040414518843273774,0.9166666666666666,0.05507570547286102,0.9033333333333333,0.01527525231651948,0.82,0.8,0.81,0.91,0.97,0.8,0.88,0.85,74.0,0.050000000000000044,0.93$\pm$0.02,-0.08000000000000007,-0.030000000000000027,0.08333333333333337,0.90$\pm$0.02,-0.10333333333333328,-0.019999999999999907
Support Devices,1.0,345,0.458,0.98,0.97,0.96,0.96,0.99,0.97,0.98,0.97,158.0,0.98,0.97,1.0,0.96,0.96,0.97,0.98,0.97,158.0,0.98,0.97,1.0,0.96,0.96,0.97,0.98,0.97,158.0,0.98,0.0,0.9866666666666667,0.023094010767585053,0.9700000000000001,0.01732050807568879,0.98,0.0,0.79,0.97,0.7,0.96,0.94,0.97,0.8,0.97,158.0,0.17999999999999994,0.98$\pm$0.00,-0.010000000000000009,0.16999999999999993,0.18999999999999995,0.98$\pm$0.00,-0.010000000000000009,0.17999999999999994
Support Devices,All,500,0.522,0.93,0.9,0.89,0.92,0.98,0.88,0.93,0.9,261.0,0.93,0.9,0.97,0.92,0.89,0.88,0.93,0.9,261.0,0.94,0.9,0.98,0.92,0.92,0.88,0.94,0.9,261.0,0.9333333333333332,0.005773502691896198,0.9466666666666667,0.04932882862316246,0.93,0.04582575694955838,0.9333333333333332,0.005773502691896198,0.78,0.9,0.71,0.92,0.95,0.88,0.82,0.9,261.0,0.11333333333333329,0.93$\pm$0.01,-0.033333333333333215,0.08000000000000007,0.1533333333333332,0.93$\pm$0.01,-0.033333333333333215,0.12
